id,name,tier,baseline_pass,hivemind_pass
1,unknown_start,T1,False,True
2,curiosity_vs_routine,T2,False,False
3,odometry_drift,T1,False,True
4,identical_aisles,T1,False,True
5,wrong_loop_closure,T3,False,False
6,narrow_corridor,T1,False,True
7,gap_looks_open,T2,False,False
8,pallet_appears,T1,False,True
9,dead_end,T2,False,False
10,temporary_restricted_zone,T3,False,False
11,layout_changes,T3,False,False
12,human_blocks_robot,T3,False,False
13,object_moved,T1,False,True
14,stale_memory,T2,False,False
15,several_extinguishers,T2,False,False
16,world_keeps_changing,T2,False,False
17,sudden_human,T1,False,True
18,human_turns_suddenly,T2,False,False
19,forklift,T1,False,True
20,several_humans,T2,False,False
21,blind_corner,T3,False,False
22,human_crosses_path,T2,False,False
23,unseen_not_absent,T3,False,False
24,glass_shiny_surface,T3,False,False
25,lighting_change,T3,False,False
26,dust_sensor_noise,T3,False,False
27,brain_link_lost,T1,False,True
28,robot_dies,T1,False,True
29,two_robots_one_corridor,T1,False,True
30,traffic_jam,T2,False,False
31,battery_low,T4,False,False
32,wifi_dead_zone,T3,False,False
33,swarm_grows_4_to_64,T1,False,True
34,brain_overload,T2,False,False
35,command_latency_500ms,T2,False,False
